"","Cell","Cell_type"
"1","C_1","Sinusoidal endothelial cell"
"2","C_2","T cell"
"3","C_3","Dendritic cell"
"4","C_4","T cell"
"5","C_5","T cell"
"6","C_6","Sinusoidal endothelial cell"
"7","C_7","T cell"
"8","C_8","Sinusoidal endothelial cell"
"9","C_9","T cell"
"10","C_10","T cell"
"11","C_11","Sinusoidal endothelial cell"
"12","C_12","Sinusoidal endothelial cell"
"13","C_13","T cell"
"14","C_14","Sinusoidal endothelial cell"
"15","C_15","T cell"
"16","C_16","T cell"
"17","C_17","Antigen presenting cell (RPS high)"
"18","C_18","T cell"
"19","C_19","T cell"
"20","C_20","Sinusoidal endothelial cell"
"21","C_21","Sinusoidal endothelial cell"
"22","C_22","T cell"
"23","C_23","Sinusoidal endothelial cell"
"24","C_24","T cell"
"25","C_25","Sinusoidal endothelial cell"
"26","C_26","T cell"
"27","C_27","T cell"
"28","C_28","T cell"
"29","C_29","T cell"
"30","C_30","T cell"
"31","C_31","T cell"
"32","C_32","T cell"
"33","C_33","T cell"
"34","C_34","T cell"
"35","C_35","T cell"
"36","C_36","T cell"
"37","C_37","T cell"
"38","C_38","B cell"
"39","C_39","Sinusoidal endothelial cell"
"40","C_40","T cell"
"41","C_41","T cell"
"42","C_42","T cell"
"43","C_43","Sinusoidal endothelial cell"
"44","C_44","T cell"
"45","C_45","T cell"
"46","C_46","T cell"
"47","C_47","T cell"
"48","C_48","Sinusoidal endothelial cell"
"49","C_49","T cell"
"50","C_50","Sinusoidal endothelial cell"
"51","C_51","Sinusoidal endothelial cell"
"52","C_52","Sinusoidal endothelial cell"
"53","C_53","Sinusoidal endothelial cell"
"54","C_54","T cell"
"55","C_55","T cell"
"56","C_56","Monocyte"
"57","C_57","T cell"
"58","C_58","Neutrophil"
"59","C_59","T cell"
"60","C_60","T cell"
"61","C_61","T cell"
"62","C_62","Sinusoidal endothelial cell"
"63","C_63","Sinusoidal endothelial cell"
"64","C_64","T cell"
"65","C_65","T cell"
"66","C_66","Dendritic cell"
"67","C_67","Sinusoidal endothelial cell"
"68","C_68","Sinusoidal endothelial cell"
"69","C_69","T cell"
"70","C_70","T cell"
"71","C_71","T cell"
"72","C_72","T cell"
"73","C_73","T cell"
"74","C_74","T cell"
"75","C_75","T cell"
"76","C_76","Sinusoidal endothelial cell"
"77","C_77","Sinusoidal endothelial cell"
"78","C_78","Sinusoidal endothelial cell"
"79","C_79","Sinusoidal endothelial cell"
"80","C_80","T cell"
"81","C_81","T cell"
"82","C_82","Sinusoidal endothelial cell"
"83","C_83","T cell"
"84","C_84","T cell"
"85","C_85","T cell"
"86","C_86","T cell"
"87","C_87","Monocyte"
"88","C_88","T cell"
"89","C_89","Monocyte"
"90","C_90","T cell"
"91","C_91","T cell"
"92","C_92","Sinusoidal endothelial cell"
"93","C_93","T cell"
"94","C_94","T cell"
"95","C_95","Monocyte"
"96","C_96","T cell"
"97","C_97","T cell"
"98","C_98","Neutrophil"
"99","C_99","T cell"
"100","C_100","T cell"
"101","C_101","T cell"
"102","C_102","Sinusoidal endothelial cell"
"103","C_103","Sinusoidal endothelial cell"
"104","C_104","T cell"
"105","C_105","T cell"
"106","C_106","Sinusoidal endothelial cell"
"107","C_107","T cell"
"108","C_108","T cell"
"109","C_109","Sinusoidal endothelial cell"
"110","C_110","Sinusoidal endothelial cell"
"111","C_111","Sinusoidal endothelial cell"
"112","C_112","Sinusoidal endothelial cell"
"113","C_113","T cell"
"114","C_114","T cell"
"115","C_115","T cell"
"116","C_116","Sinusoidal endothelial cell"
"117","C_117","Sinusoidal endothelial cell"
"118","C_118","Sinusoidal endothelial cell"
"119","C_119","Sinusoidal endothelial cell"
"120","C_120","T cell"
"121","C_121","T cell"
"122","C_122","T cell"
"123","C_123","T cell"
"124","C_124","Sinusoidal endothelial cell"
"125","C_125","T cell"
"126","C_126","Sinusoidal endothelial cell"
"127","C_127","Neutrophil"
"128","C_128","Sinusoidal endothelial cell"
"129","C_129","T cell"
"130","C_130","Antigen presenting cell (RPS high)"
"131","C_131","T cell"
"132","C_132","T cell"
"133","C_133","Sinusoidal endothelial cell"
"134","C_134","T cell"
"135","C_135","Sinusoidal endothelial cell"
"136","C_136","T cell"
"137","C_137","Monocyte"
"138","C_138","T cell"
"139","C_139","T cell"
"140","C_140","T cell"
"141","C_141","Sinusoidal endothelial cell"
"142","C_142","T cell"
"143","C_143","Sinusoidal endothelial cell"
"144","C_144","T cell"
"145","C_145","Sinusoidal endothelial cell"
"146","C_146","T cell"
"147","C_147","Sinusoidal endothelial cell"
"148","C_148","Sinusoidal endothelial cell"
"149","C_149","T cell"
"150","C_150","T cell"
"151","C_151","Sinusoidal endothelial cell"
"152","C_152","B cell"
"153","C_153","Monocyte"
"154","C_154","Sinusoidal endothelial cell"
"155","C_155","T cell"
"156","C_156","T cell"
"157","C_157","T cell"
"158","C_158","Sinusoidal endothelial cell"
"159","C_159","T cell"
"160","C_160","Sinusoidal endothelial cell"
"161","C_161","T cell"
"162","C_162","Sinusoidal endothelial cell"
"163","C_163","Sinusoidal endothelial cell"
"164","C_164","T cell"
"165","C_165","Sinusoidal endothelial cell"
"166","C_166","Sinusoidal endothelial cell"
"167","C_167","Sinusoidal endothelial cell"
"168","C_168","Sinusoidal endothelial cell"
"169","C_169","T cell"
"170","C_170","Sinusoidal endothelial cell"
"171","C_171","T cell"
"172","C_172","Sinusoidal endothelial cell"
"173","C_173","T cell"
"174","C_174","Sinusoidal endothelial cell"
"175","C_175","T cell"
"176","C_176","Monocyte"
"177","C_177","T cell"
"178","C_178","T cell"
"179","C_179","T cell"
"180","C_180","Sinusoidal endothelial cell"
"181","C_181","Neutrophil (RPS high)"
"182","C_182","Sinusoidal endothelial cell"
"183","C_183","T cell"
"184","C_184","Sinusoidal endothelial cell"
"185","C_185","Sinusoidal endothelial cell"
"186","C_186","T cell"
"187","C_187","T cell"
"188","C_188","T cell"
"189","C_189","Sinusoidal endothelial cell"
"190","C_190","T cell"
"191","C_191","Sinusoidal endothelial cell"
"192","C_192","T cell"
"193","C_193","Sinusoidal endothelial cell"
"194","C_194","T cell"
"195","C_195","Sinusoidal endothelial cell"
"196","C_196","Neutrophil"
"197","C_197","Sinusoidal endothelial cell"
"198","C_198","Sinusoidal endothelial cell"
"199","C_199","T cell"
"200","C_200","Sinusoidal endothelial cell"
"201","C_201","Sinusoidal endothelial cell"
"202","C_202","Sinusoidal endothelial cell"
"203","C_203","Sinusoidal endothelial cell"
"204","C_204","T cell"
"205","C_205","T cell"
"206","C_206","Neutrophil"
"207","C_207","T cell"
"208","C_208","T cell"
"209","C_209","Sinusoidal endothelial cell"
"210","C_210","T cell"
"211","C_211","T cell"
"212","C_212","T cell"
"213","C_213","Sinusoidal endothelial cell"
"214","C_214","T cell"
"215","C_215","T cell"
"216","C_216","B cell"
"217","C_217","T cell"
"218","C_218","T cell"
"219","C_219","T cell"
"220","C_220","T cell"
"221","C_221","T cell"
"222","C_222","T cell"
"223","C_223","T cell"
"224","C_224","Sinusoidal endothelial cell"
"225","C_225","Sinusoidal endothelial cell"
"226","C_226","T cell"
"227","C_227","T cell"
"228","C_228","T cell"
"229","C_229","T cell"
"230","C_230","Sinusoidal endothelial cell"
"231","C_231","Sinusoidal endothelial cell"
"232","C_232","T cell"
"233","C_233","T cell"
"234","C_234","T cell"
"235","C_235","T cell"
"236","C_236","T cell"
"237","C_237","T cell"
"238","C_238","T cell"
"239","C_239","Sinusoidal endothelial cell"
"240","C_240","T cell"
"241","C_241","T cell"
"242","C_242","T cell"
"243","C_243","T cell"
"244","C_244","Sinusoidal endothelial cell"
"245","C_245","T cell"
"246","C_246","T cell"
"247","C_247","T cell"
"248","C_248","T cell"
"249","C_249","T cell"
"250","C_250","Sinusoidal endothelial cell"
"251","C_251","T cell"
"252","C_252","T cell"
"253","C_253","T cell"
"254","C_254","T cell"
"255","C_255","T cell"
"256","C_256","T cell"
"257","C_257","T cell"
"258","C_258","T cell"
"259","C_259","Erythroid progenitor cell (RP high)"
"260","C_260","T cell"
"261","C_261","Erythroid progenitor cell (RP high)"
"262","C_262","T cell"
"263","C_263","T cell"
"264","C_264","T cell"
"265","C_265","T cell"
"266","C_266","T cell"
"267","C_267","T cell"
"268","C_268","T cell"
"269","C_269","T cell"
"270","C_270","T cell"
"271","C_271","T cell"
"272","C_272","T cell"
"273","C_273","T cell"
"274","C_274","T cell"
"275","C_275","T cell"
"276","C_276","Erythroid progenitor cell (RP high)"
"277","C_277","T cell"
"278","C_278","T cell"
"279","C_279","T cell"
"280","C_280","T cell"
"281","C_281","T cell"
"282","C_282","T cell"
"283","C_283","T cell"
"284","C_284","T cell"
"285","C_285","T cell"
"286","C_286","T cell"
"287","C_287","T cell"
"288","C_288","T cell"
"289","C_289","T cell"
"290","C_290","T cell"
"291","C_291","T cell"
"292","C_292","T cell"
"293","C_293","T cell"
"294","C_294","T cell"
"295","C_295","T cell"
"296","C_296","T cell"
"297","C_297","T cell"
"298","C_298","T cell"
"299","C_299","T cell"
"300","C_300","T cell"
"301","C_301","T cell"
"302","C_302","T cell"
"303","C_303","T cell"
"304","C_304","T cell"
"305","C_305","T cell"
"306","C_306","T cell"
"307","C_307","T cell"
"308","C_308","Neutrophil"
"309","C_309","T cell"
"310","C_310","T cell"
"311","C_311","T cell"
"312","C_312","T cell"
"313","C_313","T cell"
"314","C_314","T cell"
"315","C_315","T cell"
"316","C_316","T cell"
"317","C_317","T cell"
"318","C_318","T cell"
"319","C_319","T cell"
"320","C_320","T cell"
"321","C_321","T cell"
"322","C_322","Dendritic cell"
"323","C_323","T cell"
"324","C_324","T cell"
"325","C_325","T cell"
"326","C_326","T cell"
"327","C_327","T cell"
"328","C_328","T cell"
"329","C_329","T cell"
"330","C_330","T cell"
"331","C_331","T cell"
"332","C_332","T cell"
"333","C_333","Sinusoidal endothelial cell"
"334","C_334","T cell"
"335","C_335","T cell"
"336","C_336","T cell"
"337","C_337","T cell"
"338","C_338","T cell"
"339","C_339","T cell"
"340","C_340","T cell"
"341","C_341","T cell"
"342","C_342","T cell"
"343","C_343","T cell"
"344","C_344","T cell"
"345","C_345","T cell"
"346","C_346","T cell"
"347","C_347","T cell"
"348","C_348","T cell"
"349","C_349","T cell"
"350","C_350","T cell"
"351","C_351","T cell"
"352","C_352","T cell"
"353","C_353","T cell"
"354","C_354","T cell"
"355","C_355","T cell"
"356","C_356","T cell"
"357","C_357","T cell"
"358","C_358","T cell"
"359","C_359","T cell"
"360","C_360","T cell"
"361","C_361","T cell"
"362","C_362","T cell"
"363","C_363","B cell (Plasmocyte)"
"364","C_364","T cell"
"365","C_365","Sinusoidal endothelial cell"
"366","C_366","T cell"
"367","C_367","T cell"
"368","C_368","T cell"
"369","C_369","T cell"
"370","C_370","T cell"
"371","C_371","T cell"
"372","C_372","Pancreas exocrine cell"
"373","C_373","Sinusoidal endothelial cell"
"374","C_374","T cell"
"375","C_375","T cell"
"376","C_376","T cell"
"377","C_377","Sinusoidal endothelial cell"
"378","C_378","Sinusoidal endothelial cell"
"379","C_379","T cell"
"380","C_380","Sinusoidal endothelial cell"
"381","C_381","T cell"
"382","C_382","T cell"
"383","C_383","T cell"
"384","C_384","T cell"
"385","C_385","T cell"
"386","C_386","Erythroid progenitor cell (RP high)"
"387","C_387","T cell"
"388","C_388","T cell"
"389","C_389","T cell"
"390","C_390","Sinusoidal endothelial cell"
"391","C_391","T cell"
"392","C_392","T cell"
"393","C_393","T cell"
"394","C_394","T cell"
"395","C_395","T cell"
"396","C_396","T cell"
"397","C_397","T cell"
"398","C_398","T cell"
"399","C_399","T cell"
"400","C_400","T cell"
"401","C_401","T cell"
"402","C_402","T cell"
"403","C_403","T cell"
"404","C_404","T cell"
"405","C_405","T cell"
"406","C_406","T cell"
"407","C_407","T cell"
"408","C_408","T cell"
"409","C_409","T cell"
"410","C_410","T cell"
"411","C_411","T cell"
"412","C_412","T cell"
"413","C_413","Erythroid progenitor cell (RP high)"
"414","C_414","Sinusoidal endothelial cell"
"415","C_415","Sinusoidal endothelial cell"
"416","C_416","Sinusoidal endothelial cell"
"417","C_417","Sinusoidal endothelial cell"
"418","C_418","Sinusoidal endothelial cell"
"419","C_419","Sinusoidal endothelial cell"
"420","C_420","Sinusoidal endothelial cell"
"421","C_421","Sinusoidal endothelial cell"
"422","C_422","Sinusoidal endothelial cell"
"423","C_423","Sinusoidal endothelial cell"
"424","C_424","Sinusoidal endothelial cell"
"425","C_425","Sinusoidal endothelial cell"
"426","C_426","Sinusoidal endothelial cell"
"427","C_427","Sinusoidal endothelial cell"
"428","C_428","Sinusoidal endothelial cell"
"429","C_429","Sinusoidal endothelial cell"
"430","C_430","Endothelial cell (APC)"
"431","C_431","Sinusoidal endothelial cell"
"432","C_432","Sinusoidal endothelial cell"
"433","C_433","Sinusoidal endothelial cell"
"434","C_434","Sinusoidal endothelial cell"
"435","C_435","Sinusoidal endothelial cell"
"436","C_436","Sinusoidal endothelial cell"
"437","C_437","Sinusoidal endothelial cell"
"438","C_438","Sinusoidal endothelial cell"
"439","C_439","Sinusoidal endothelial cell"
"440","C_440","Sinusoidal endothelial cell"
"441","C_441","Sinusoidal endothelial cell"
"442","C_442","Sinusoidal endothelial cell"
"443","C_443","Sinusoidal endothelial cell"
"444","C_444","Sinusoidal endothelial cell"
"445","C_445","Sinusoidal endothelial cell"
"446","C_446","Sinusoidal endothelial cell"
"447","C_447","Sinusoidal endothelial cell"
"448","C_448","Sinusoidal endothelial cell"
"449","C_449","Sinusoidal endothelial cell"
"450","C_450","Sinusoidal endothelial cell"
"451","C_451","Sinusoidal endothelial cell"
"452","C_452","Sinusoidal endothelial cell"
"453","C_453","Sinusoidal endothelial cell"
"454","C_454","Sinusoidal endothelial cell"
"455","C_455","Sinusoidal endothelial cell"
"456","C_456","Sinusoidal endothelial cell"
"457","C_457","Sinusoidal endothelial cell"
"458","C_458","Sinusoidal endothelial cell"
"459","C_459","Sinusoidal endothelial cell"
"460","C_460","Sinusoidal endothelial cell"
"461","C_461","Sinusoidal endothelial cell"
"462","C_462","Sinusoidal endothelial cell"
"463","C_463","Sinusoidal endothelial cell"
"464","C_464","Sinusoidal endothelial cell"
"465","C_465","Sinusoidal endothelial cell"
"466","C_466","Sinusoidal endothelial cell"
"467","C_467","Sinusoidal endothelial cell"
"468","C_468","Sinusoidal endothelial cell"
"469","C_469","Sinusoidal endothelial cell"
"470","C_470","Sinusoidal endothelial cell"
"471","C_471","Sinusoidal endothelial cell"
"472","C_472","Sinusoidal endothelial cell"
"473","C_473","Sinusoidal endothelial cell"
"474","C_474","Sinusoidal endothelial cell"
"475","C_475","Sinusoidal endothelial cell"
"476","C_476","Sinusoidal endothelial cell"
"477","C_477","Sinusoidal endothelial cell"
"478","C_478","Sinusoidal endothelial cell"
"479","C_479","Sinusoidal endothelial cell"
"480","C_480","Sinusoidal endothelial cell"
"481","C_481","Sinusoidal endothelial cell"
"482","C_482","Sinusoidal endothelial cell"
"483","C_483","Monocyte"
"484","C_484","Sinusoidal endothelial cell"
"485","C_485","Sinusoidal endothelial cell"
"486","C_486","Sinusoidal endothelial cell"
"487","C_487","Sinusoidal endothelial cell"
"488","C_488","Sinusoidal endothelial cell"
"489","C_489","Sinusoidal endothelial cell"
"490","C_490","Sinusoidal endothelial cell"
"491","C_491","Sinusoidal endothelial cell"
"492","C_492","Sinusoidal endothelial cell"
"493","C_493","Sinusoidal endothelial cell"
"494","C_494","Sinusoidal endothelial cell"
"495","C_495","Sinusoidal endothelial cell"
"496","C_496","Sinusoidal endothelial cell"
"497","C_497","Sinusoidal endothelial cell"
"498","C_498","Sinusoidal endothelial cell"
"499","C_499","Sinusoidal endothelial cell"
"500","C_500","Sinusoidal endothelial cell"
"501","C_501","Sinusoidal endothelial cell"
"502","C_502","Sinusoidal endothelial cell"
"503","C_503","Sinusoidal endothelial cell"
"504","C_504","Sinusoidal endothelial cell"
"505","C_505","Sinusoidal endothelial cell"
"506","C_506","Sinusoidal endothelial cell"
"507","C_507","Sinusoidal endothelial cell"
"508","C_508","Sinusoidal endothelial cell"
"509","C_509","Sinusoidal endothelial cell"
"510","C_510","Sinusoidal endothelial cell"
"511","C_511","Sinusoidal endothelial cell"
"512","C_512","Sinusoidal endothelial cell"
"513","C_513","Sinusoidal endothelial cell"
"514","C_514","Sinusoidal endothelial cell"
"515","C_515","Sinusoidal endothelial cell"
"516","C_516","Sinusoidal endothelial cell"
"517","C_517","Sinusoidal endothelial cell"
"518","C_518","Sinusoidal endothelial cell"
"519","C_519","Sinusoidal endothelial cell"
"520","C_520","Sinusoidal endothelial cell"
"521","C_521","Sinusoidal endothelial cell"
"522","C_522","Sinusoidal endothelial cell"
"523","C_523","Sinusoidal endothelial cell"
"524","C_524","Sinusoidal endothelial cell"
"525","C_525","Sinusoidal endothelial cell"
"526","C_526","Sinusoidal endothelial cell"
"527","C_527","Sinusoidal endothelial cell"
"528","C_528","Sinusoidal endothelial cell"
"529","C_529","Sinusoidal endothelial cell"
"530","C_530","Sinusoidal endothelial cell"
"531","C_531","Sinusoidal endothelial cell"
"532","C_532","Sinusoidal endothelial cell"
"533","C_533","Sinusoidal endothelial cell"
"534","C_534","Monocyte"
"535","C_535","Sinusoidal endothelial cell"
"536","C_536","Sinusoidal endothelial cell"
"537","C_537","Sinusoidal endothelial cell"
"538","C_538","Sinusoidal endothelial cell"
"539","C_539","Sinusoidal endothelial cell"
"540","C_540","Sinusoidal endothelial cell"
"541","C_541","Sinusoidal endothelial cell"
"542","C_542","Sinusoidal endothelial cell"
"543","C_543","Sinusoidal endothelial cell"
"544","C_544","Sinusoidal endothelial cell"
"545","C_545","Sinusoidal endothelial cell"
"546","C_546","Sinusoidal endothelial cell"
"547","C_547","Sinusoidal endothelial cell"
"548","C_548","Sinusoidal endothelial cell"
"549","C_549","Sinusoidal endothelial cell"
"550","C_550","Sinusoidal endothelial cell"
"551","C_551","Dendritic cell"
"552","C_552","Sinusoidal endothelial cell"
"553","C_553","Sinusoidal endothelial cell"
"554","C_554","Endothelial cell (APC)"
"555","C_555","Sinusoidal endothelial cell"
"556","C_556","Sinusoidal endothelial cell"
"557","C_557","Sinusoidal endothelial cell"
"558","C_558","Sinusoidal endothelial cell"
"559","C_559","Sinusoidal endothelial cell"
"560","C_560","Sinusoidal endothelial cell"
"561","C_561","Sinusoidal endothelial cell"
"562","C_562","Sinusoidal endothelial cell"
"563","C_563","Sinusoidal endothelial cell"
"564","C_564","Sinusoidal endothelial cell"
"565","C_565","Sinusoidal endothelial cell"
"566","C_566","Sinusoidal endothelial cell"
"567","C_567","Sinusoidal endothelial cell"
"568","C_568","Sinusoidal endothelial cell"
"569","C_569","Sinusoidal endothelial cell"
"570","C_570","Sinusoidal endothelial cell"
"571","C_571","Sinusoidal endothelial cell"
"572","C_572","Sinusoidal endothelial cell"
"573","C_573","Sinusoidal endothelial cell"
"574","C_574","Sinusoidal endothelial cell"
"575","C_575","Sinusoidal endothelial cell"
"576","C_576","Sinusoidal endothelial cell"
"577","C_577","Sinusoidal endothelial cell"
"578","C_578","Sinusoidal endothelial cell"
"579","C_579","Sinusoidal endothelial cell"
"580","C_580","Sinusoidal endothelial cell"
"581","C_581","Sinusoidal endothelial cell"
"582","C_582","Sinusoidal endothelial cell"
"583","C_583","Sinusoidal endothelial cell"
"584","C_584","Sinusoidal endothelial cell"
"585","C_585","Sinusoidal endothelial cell"
"586","C_586","Sinusoidal endothelial cell"
"587","C_587","Sinusoidal endothelial cell"
"588","C_588","Sinusoidal endothelial cell"
"589","C_589","Sinusoidal endothelial cell"
"590","C_590","Sinusoidal endothelial cell"
"591","C_591","Sinusoidal endothelial cell"
"592","C_592","Sinusoidal endothelial cell"
"593","C_593","Sinusoidal endothelial cell"
"594","C_594","Sinusoidal endothelial cell"
"595","C_595","Sinusoidal endothelial cell"
"596","C_596","Sinusoidal endothelial cell"
"597","C_597","Sinusoidal endothelial cell"
"598","C_598","Sinusoidal endothelial cell"
"599","C_599","Sinusoidal endothelial cell"
"600","C_600","Sinusoidal endothelial cell"
"601","C_601","Sinusoidal endothelial cell"
"602","C_602","Sinusoidal endothelial cell"
"603","C_603","Sinusoidal endothelial cell"
"604","C_604","Sinusoidal endothelial cell"
"605","C_605","Sinusoidal endothelial cell"
"606","C_606","Sinusoidal endothelial cell"
"607","C_607","Sinusoidal endothelial cell"
"608","C_608","Sinusoidal endothelial cell"
"609","C_609","Sinusoidal endothelial cell"
"610","C_610","Sinusoidal endothelial cell"
"611","C_611","Sinusoidal endothelial cell"
"612","C_612","Sinusoidal endothelial cell"
"613","C_613","Sinusoidal endothelial cell"
"614","C_614","Sinusoidal endothelial cell"
"615","C_615","Sinusoidal endothelial cell"
"616","C_616","Sinusoidal endothelial cell"
"617","C_617","Sinusoidal endothelial cell"
"618","C_618","Sinusoidal endothelial cell"
"619","C_619","Sinusoidal endothelial cell"
"620","C_620","Sinusoidal endothelial cell"
"621","C_621","Sinusoidal endothelial cell"
"622","C_622","Sinusoidal endothelial cell"
"623","C_623","Sinusoidal endothelial cell"
"624","C_624","Sinusoidal endothelial cell"
"625","C_625","Sinusoidal endothelial cell"
"626","C_626","Sinusoidal endothelial cell"
"627","C_627","Sinusoidal endothelial cell"
"628","C_628","Sinusoidal endothelial cell"
"629","C_629","Sinusoidal endothelial cell"
"630","C_630","Sinusoidal endothelial cell"
"631","C_631","Sinusoidal endothelial cell"
"632","C_632","Sinusoidal endothelial cell"
"633","C_633","Sinusoidal endothelial cell"
"634","C_634","Sinusoidal endothelial cell"
"635","C_635","Sinusoidal endothelial cell"
"636","C_636","Sinusoidal endothelial cell"
"637","C_637","Sinusoidal endothelial cell"
"638","C_638","Sinusoidal endothelial cell"
"639","C_639","Sinusoidal endothelial cell"
"640","C_640","Sinusoidal endothelial cell"
"641","C_641","Sinusoidal endothelial cell"
"642","C_642","Sinusoidal endothelial cell"
"643","C_643","Sinusoidal endothelial cell"
"644","C_644","Sinusoidal endothelial cell"
"645","C_645","Sinusoidal endothelial cell"
"646","C_646","Sinusoidal endothelial cell"
"647","C_647","Sinusoidal endothelial cell"
"648","C_648","Sinusoidal endothelial cell"
"649","C_649","Sinusoidal endothelial cell"
"650","C_650","Sinusoidal endothelial cell"
"651","C_651","Sinusoidal endothelial cell"
"652","C_652","Sinusoidal endothelial cell"
"653","C_653","Sinusoidal endothelial cell"
"654","C_654","Sinusoidal endothelial cell"
"655","C_655","Sinusoidal endothelial cell"
"656","C_656","Sinusoidal endothelial cell"
"657","C_657","Sinusoidal endothelial cell"
"658","C_658","Sinusoidal endothelial cell"
"659","C_659","Sinusoidal endothelial cell"
"660","C_660","Sinusoidal endothelial cell"
"661","C_661","Sinusoidal endothelial cell"
"662","C_662","Sinusoidal endothelial cell"
"663","C_663","Sinusoidal endothelial cell"
"664","C_664","Sinusoidal endothelial cell"
"665","C_665","Sinusoidal endothelial cell"
"666","C_666","Sinusoidal endothelial cell"
"667","C_667","Sinusoidal endothelial cell"
"668","C_668","Sinusoidal endothelial cell"
"669","C_669","Sinusoidal endothelial cell"
"670","C_670","Sinusoidal endothelial cell"
"671","C_671","Sinusoidal endothelial cell"
"672","C_672","Sinusoidal endothelial cell"
"673","C_673","Sinusoidal endothelial cell"
"674","C_674","Sinusoidal endothelial cell"
"675","C_675","Sinusoidal endothelial cell"
"676","C_676","Sinusoidal endothelial cell"
"677","C_677","Sinusoidal endothelial cell"
"678","C_678","Sinusoidal endothelial cell"
"679","C_679","Sinusoidal endothelial cell"
"680","C_680","Sinusoidal endothelial cell"
"681","C_681","Sinusoidal endothelial cell"
"682","C_682","Endothelial cell"
"683","C_683","B cell (Plasmocyte)"
"684","C_684","B cell (Plasmocyte)"
"685","C_685","B cell (Plasmocyte)"
"686","C_686","B cell (Plasmocyte)"
"687","C_687","B cell (Plasmocyte)"
"688","C_688","B cell (Plasmocyte)"
"689","C_689","B cell (Plasmocyte)"
"690","C_690","B cell (Plasmocyte)"
"691","C_691","B cell (Plasmocyte)"
"692","C_692","B cell (Plasmocyte)"
"693","C_693","B cell (Plasmocyte)"
"694","C_694","B cell (Plasmocyte)"
"695","C_695","B cell (Plasmocyte)"
"696","C_696","B cell (Plasmocyte)"
"697","C_697","B cell (Plasmocyte)"
"698","C_698","B cell (Plasmocyte)"
"699","C_699","B cell (Plasmocyte)"
"700","C_700","B cell (Plasmocyte)"
"701","C_701","B cell (Plasmocyte)"
"702","C_702","B cell (Plasmocyte)"
"703","C_703","B cell (Plasmocyte)"
"704","C_704","B cell (Plasmocyte)"
"705","C_705","B cell (Plasmocyte)"
"706","C_706","B cell (Plasmocyte)"
"707","C_707","B cell (Plasmocyte)"
"708","C_708","B cell (Plasmocyte)"
"709","C_709","B cell (Plasmocyte)"
"710","C_710","B cell (Plasmocyte)"
"711","C_711","B cell (Plasmocyte)"
"712","C_712","B cell (Plasmocyte)"
"713","C_713","B cell (Plasmocyte)"
"714","C_714","B cell (Plasmocyte)"
"715","C_715","B cell (Plasmocyte)"
"716","C_716","B cell (Plasmocyte)"
"717","C_717","B cell (Plasmocyte)"
"718","C_718","B cell (Plasmocyte)"
"719","C_719","T cell"
"720","C_720","B cell (Plasmocyte)"
"721","C_721","B cell (Plasmocyte)"
"722","C_722","B cell (Plasmocyte)"
"723","C_723","B cell (Plasmocyte)"
"724","C_724","B cell (Plasmocyte)"
"725","C_725","B cell (Plasmocyte)"
"726","C_726","B cell (Plasmocyte)"
"727","C_727","B cell (Plasmocyte)"
"728","C_728","B cell (Plasmocyte)"
"729","C_729","B cell (Plasmocyte)"
"730","C_730","B cell (Plasmocyte)"
"731","C_731","B cell (Plasmocyte)"
"732","C_732","B cell (Plasmocyte)"
"733","C_733","B cell (Plasmocyte)"
"734","C_734","B cell (Plasmocyte)"
"735","C_735","B cell (Plasmocyte)"
"736","C_736","B cell (Plasmocyte)"
"737","C_737","B cell (Plasmocyte)"
"738","C_738","B cell (Plasmocyte)"
"739","C_739","B cell (Plasmocyte)"
"740","C_740","B cell (Plasmocyte)"
"741","C_741","B cell (Plasmocyte)"
"742","C_742","B cell (Plasmocyte)"
"743","C_743","B cell (Plasmocyte)"
"744","C_744","B cell (Plasmocyte)"
"745","C_745","B cell (Plasmocyte)"
"746","C_746","B cell (Plasmocyte)"
"747","C_747","B cell (Plasmocyte)"
"748","C_748","B cell (Plasmocyte)"
"749","C_749","B cell (Plasmocyte)"
"750","C_750","B cell (Plasmocyte)"
"751","C_751","B cell (Plasmocyte)"
"752","C_752","B cell (Plasmocyte)"
"753","C_753","B cell (Plasmocyte)"
"754","C_754","B cell (Plasmocyte)"
"755","C_755","B cell (Plasmocyte)"
"756","C_756","B cell (Plasmocyte)"
"757","C_757","B cell (Plasmocyte)"
"758","C_758","B cell (Plasmocyte)"
"759","C_759","B cell (Plasmocyte)"
"760","C_760","Sinusoidal endothelial cell"
"761","C_761","B cell (Plasmocyte)"
"762","C_762","Neutrophil"
"763","C_763","B cell (Plasmocyte)"
"764","C_764","B cell (Plasmocyte)"
"765","C_765","B cell (Plasmocyte)"
"766","C_766","B cell (Plasmocyte)"
"767","C_767","B cell (Plasmocyte)"
"768","C_768","B cell (Plasmocyte)"
"769","C_769","B cell (Plasmocyte)"
"770","C_770","B cell (Plasmocyte)"
"771","C_771","B cell (Plasmocyte)"
"772","C_772","T cell"
"773","C_773","B cell (Plasmocyte)"
"774","C_774","B cell (Plasmocyte)"
"775","C_775","B cell (Plasmocyte)"
"776","C_776","B cell (Plasmocyte)"
"777","C_777","B cell (Plasmocyte)"
"778","C_778","B cell (Plasmocyte)"
"779","C_779","B cell (Plasmocyte)"
"780","C_780","B cell (Plasmocyte)"
"781","C_781","B cell (Plasmocyte)"
"782","C_782","B cell (Plasmocyte)"
"783","C_783","B cell (Plasmocyte)"
"784","C_784","B cell (Plasmocyte)"
"785","C_785","B cell (Plasmocyte)"
"786","C_786","B cell (Plasmocyte)"
"787","C_787","B cell (Plasmocyte)"
"788","C_788","B cell (Plasmocyte)"
"789","C_789","B cell (Plasmocyte)"
"790","C_790","B cell (Plasmocyte)"
"791","C_791","B cell (Plasmocyte)"
"792","C_792","B cell (Plasmocyte)"
"793","C_793","B cell (Plasmocyte)"
"794","C_794","B cell (Plasmocyte)"
"795","C_795","T cell"
"796","C_796","Sinusoidal endothelial cell"
"797","C_797","B cell (Plasmocyte)"
"798","C_798","B cell (Plasmocyte)"
"799","C_799","B cell (Plasmocyte)"
"800","C_800","B cell (Plasmocyte)"
"801","C_801","B cell (Plasmocyte)"
"802","C_802","B cell (Plasmocyte)"
"803","C_803","B cell (Plasmocyte)"
"804","C_804","B cell (Plasmocyte)"
"805","C_805","B cell (Plasmocyte)"
"806","C_806","B cell (Plasmocyte)"
"807","C_807","B cell (Plasmocyte)"
"808","C_808","Antigen presenting cell (RPS high)"
"809","C_809","B cell (Plasmocyte)"
"810","C_810","B cell (Plasmocyte)"
"811","C_811","B cell (Plasmocyte)"
"812","C_812","B cell (Plasmocyte)"
"813","C_813","Sinusoidal endothelial cell"
"814","C_814","B cell (Plasmocyte)"
"815","C_815","B cell (Plasmocyte)"
"816","C_816","B cell (Plasmocyte)"
"817","C_817","B cell (Plasmocyte)"
"818","C_818","B cell (Plasmocyte)"
"819","C_819","B cell (Plasmocyte)"
"820","C_820","B cell (Plasmocyte)"
"821","C_821","B cell (Plasmocyte)"
"822","C_822","B cell (Plasmocyte)"
"823","C_823","B cell (Plasmocyte)"
"824","C_824","B cell (Plasmocyte)"
"825","C_825","B cell (Plasmocyte)"
"826","C_826","B cell (Plasmocyte)"
"827","C_827","B cell (Plasmocyte)"
"828","C_828","B cell (Plasmocyte)"
"829","C_829","B cell (Plasmocyte)"
"830","C_830","B cell (Plasmocyte)"
"831","C_831","B cell (Plasmocyte)"
"832","C_832","B cell (Plasmocyte)"
"833","C_833","B cell (Plasmocyte)"
"834","C_834","B cell (Plasmocyte)"
"835","C_835","B cell (Plasmocyte)"
"836","C_836","B cell (Plasmocyte)"
"837","C_837","B cell (Plasmocyte)"
"838","C_838","B cell"
"839","C_839","B cell (Plasmocyte)"
"840","C_840","B cell (Plasmocyte)"
"841","C_841","B cell (Plasmocyte)"
"842","C_842","B cell (Plasmocyte)"
"843","C_843","B cell (Plasmocyte)"
"844","C_844","B cell (Plasmocyte)"
"845","C_845","B cell (Plasmocyte)"
"846","C_846","B cell (Plasmocyte)"
"847","C_847","B cell (Plasmocyte)"
"848","C_848","B cell (Plasmocyte)"
"849","C_849","B cell (Plasmocyte)"
"850","C_850","B cell (Plasmocyte)"
"851","C_851","B cell (Plasmocyte)"
"852","C_852","B cell (Plasmocyte)"
"853","C_853","B cell (Plasmocyte)"
"854","C_854","B cell (Plasmocyte)"
"855","C_855","B cell (Plasmocyte)"
"856","C_856","B cell (Plasmocyte)"
"857","C_857","T cell"
"858","C_858","B cell (Plasmocyte)"
"859","C_859","B cell (Plasmocyte)"
"860","C_860","B cell (Plasmocyte)"
"861","C_861","B cell (Plasmocyte)"
"862","C_862","B cell (Plasmocyte)"
"863","C_863","B cell (Plasmocyte)"
"864","C_864","B cell (Plasmocyte)"
"865","C_865","B cell (Plasmocyte)"
"866","C_866","B cell (Plasmocyte)"
"867","C_867","B cell (Plasmocyte)"
"868","C_868","B cell (Plasmocyte)"
"869","C_869","B cell (Plasmocyte)"
"870","C_870","B cell"
"871","C_871","B cell (Plasmocyte)"
"872","C_872","B cell (Plasmocyte)"
"873","C_873","B cell (Plasmocyte)"
"874","C_874","B cell (Plasmocyte)"
"875","C_875","B cell (Plasmocyte)"
"876","C_876","B cell (Plasmocyte)"
"877","C_877","B cell (Plasmocyte)"
"878","C_878","Monocyte"
"879","C_879","Monocyte"
"880","C_880","Monocyte"
"881","C_881","Monocyte"
"882","C_882","Antigen presenting cell (RPS high)"
"883","C_883","Sinusoidal endothelial cell"
"884","C_884","Monocyte"
"885","C_885","Antigen presenting cell (RPS high)"
"886","C_886","Monocyte"
"887","C_887","Neutrophil"
"888","C_888","Monocyte"
"889","C_889","Neutrophil"
"890","C_890","Monocyte"
"891","C_891","Monocyte"
"892","C_892","Monocyte"
"893","C_893","Monocyte"
"894","C_894","Sinusoidal endothelial cell"
"895","C_895","Monocyte"
"896","C_896","Monocyte"
"897","C_897","Monocyte"
"898","C_898","Monocyte"
"899","C_899","Sinusoidal endothelial cell"
"900","C_900","Monocyte"
"901","C_901","Monocyte"
"902","C_902","Monocyte"
"903","C_903","Monocyte"
"904","C_904","B cell (Plasmocyte)"
"905","C_905","Macrophage"
"906","C_906","Monocyte"
"907","C_907","Monocyte"
"908","C_908","Monocyte"
"909","C_909","Monocyte"
"910","C_910","Monocyte"
"911","C_911","Monocyte"
"912","C_912","Monocyte"
"913","C_913","Dendritic cell"
"914","C_914","Monocyte"
"915","C_915","Monocyte"
"916","C_916","Antigen presenting cell (RPS high)"
"917","C_917","Monocyte"
"918","C_918","Monocyte"
"919","C_919","Macrophage"
"920","C_920","Monocyte"
"921","C_921","Antigen presenting cell (RPS high)"
"922","C_922","Monocyte"
"923","C_923","Antigen presenting cell (RPS high)"
"924","C_924","Monocyte"
"925","C_925","Monocyte"
"926","C_926","Monocyte"
"927","C_927","Monocyte"
"928","C_928","Monocyte"
"929","C_929","Monocyte"
"930","C_930","Monocyte"
"931","C_931","Sinusoidal endothelial cell"
"932","C_932","Sinusoidal endothelial cell"
"933","C_933","Sinusoidal endothelial cell"
"934","C_934","Monocyte"
"935","C_935","Monocyte"
"936","C_936","Monocyte"
"937","C_937","Antigen presenting cell (RPS high)"
"938","C_938","Monocyte"
"939","C_939","Monocyte"
"940","C_940","Antigen presenting cell (RPS high)"
"941","C_941","Monocyte"
"942","C_942","Dendritic cell"
"943","C_943","Monocyte"
"944","C_944","Monocyte"
"945","C_945","Monocyte"
"946","C_946","Monocyte"
"947","C_947","Monocyte"
"948","C_948","Monocyte"
"949","C_949","Antigen presenting cell (RPS high)"
"950","C_950","Antigen presenting cell (RPS high)"
"951","C_951","Sinusoidal endothelial cell"
"952","C_952","Monocyte"
"953","C_953","Antigen presenting cell (RPS high)"
"954","C_954","Monocyte"
"955","C_955","Monocyte"
"956","C_956","Monocyte"
"957","C_957","Sinusoidal endothelial cell"
"958","C_958","Monocyte"
"959","C_959","Monocyte"
"960","C_960","Monocyte"
"961","C_961","Monocyte"
"962","C_962","Antigen presenting cell (RPS high)"
"963","C_963","Monocyte"
"964","C_964","Monocyte"
"965","C_965","Monocyte"
"966","C_966","Monocyte"
"967","C_967","Monocyte"
"968","C_968","Monocyte"
"969","C_969","Monocyte"
"970","C_970","Monocyte"
"971","C_971","Monocyte"
"972","C_972","Monocyte"
"973","C_973","Monocyte"
"974","C_974","Monocyte"
"975","C_975","Sinusoidal endothelial cell"
"976","C_976","Monocyte"
"977","C_977","Monocyte"
"978","C_978","Monocyte"
"979","C_979","Monocyte"
"980","C_980","Monocyte"
"981","C_981","Monocyte"
"982","C_982","Antigen presenting cell (RPS high)"
"983","C_983","Monocyte"
"984","C_984","Dendritic cell"
"985","C_985","Monocyte"
"986","C_986","Monocyte"
"987","C_987","Monocyte"
"988","C_988","Dendritic cell"
"989","C_989","Monocyte"
"990","C_990","Monocyte"
"991","C_991","Monocyte"
"992","C_992","Monocyte"
"993","C_993","Dendritic cell"
"994","C_994","Monocyte"
"995","C_995","Monocyte"
"996","C_996","Monocyte"
"997","C_997","Neutrophil"
"998","C_998","Monocyte"
"999","C_999","Monocyte"
"1000","C_1000","Monocyte"
"1001","C_1001","Monocyte"
"1002","C_1002","Monocyte"
"1003","C_1003","Monocyte"
"1004","C_1004","Monocyte"
"1005","C_1005","Antigen presenting cell (RPS high)"
"1006","C_1006","Monocyte"
"1007","C_1007","Monocyte"
"1008","C_1008","Antigen presenting cell (RPS high)"
"1009","C_1009","Monocyte"
"1010","C_1010","Sinusoidal endothelial cell"
"1011","C_1011","Monocyte"
"1012","C_1012","Sinusoidal endothelial cell"
"1013","C_1013","Sinusoidal endothelial cell"
"1014","C_1014","Monocyte"
"1015","C_1015","Monocyte"
"1016","C_1016","Sinusoidal endothelial cell"
"1017","C_1017","Neutrophil"
"1018","C_1018","Sinusoidal endothelial cell"
"1019","C_1019","Neutrophil"
"1020","C_1020","Sinusoidal endothelial cell"
"1021","C_1021","Sinusoidal endothelial cell"
"1022","C_1022","Neutrophil"
"1023","C_1023","Sinusoidal endothelial cell"
"1024","C_1024","Neutrophil"
"1025","C_1025","Sinusoidal endothelial cell"
"1026","C_1026","Sinusoidal endothelial cell"
"1027","C_1027","Sinusoidal endothelial cell"
"1028","C_1028","Sinusoidal endothelial cell"
"1029","C_1029","Neutrophil"
"1030","C_1030","Neutrophil"
"1031","C_1031","Neutrophil"
"1032","C_1032","Sinusoidal endothelial cell"
"1033","C_1033","Neutrophil"
"1034","C_1034","Sinusoidal endothelial cell"
"1035","C_1035","Sinusoidal endothelial cell"
"1036","C_1036","Sinusoidal endothelial cell"
"1037","C_1037","Neutrophil"
"1038","C_1038","Sinusoidal endothelial cell"
"1039","C_1039","Sinusoidal endothelial cell"
"1040","C_1040","Sinusoidal endothelial cell"
"1041","C_1041","Neutrophil"
"1042","C_1042","Sinusoidal endothelial cell"
"1043","C_1043","Neutrophil"
"1044","C_1044","Neutrophil"
"1045","C_1045","Neutrophil"
"1046","C_1046","Monocyte"
"1047","C_1047","Sinusoidal endothelial cell"
"1048","C_1048","Monocyte"
"1049","C_1049","Neutrophil"
"1050","C_1050","Sinusoidal endothelial cell"
"1051","C_1051","Neutrophil"
"1052","C_1052","Sinusoidal endothelial cell"
"1053","C_1053","Sinusoidal endothelial cell"
"1054","C_1054","Sinusoidal endothelial cell"
"1055","C_1055","Neutrophil"
"1056","C_1056","Neutrophil"
"1057","C_1057","Sinusoidal endothelial cell"
"1058","C_1058","Neutrophil"
"1059","C_1059","Sinusoidal endothelial cell"
"1060","C_1060","Sinusoidal endothelial cell"
"1061","C_1061","Neutrophil"
"1062","C_1062","Sinusoidal endothelial cell"
"1063","C_1063","Sinusoidal endothelial cell"
"1064","C_1064","Neutrophil"
"1065","C_1065","Neutrophil"
"1066","C_1066","Sinusoidal endothelial cell"
"1067","C_1067","Sinusoidal endothelial cell"
"1068","C_1068","Sinusoidal endothelial cell"
"1069","C_1069","Neutrophil"
"1070","C_1070","Sinusoidal endothelial cell"
"1071","C_1071","Neutrophil"
"1072","C_1072","Sinusoidal endothelial cell"
"1073","C_1073","Sinusoidal endothelial cell"
"1074","C_1074","Sinusoidal endothelial cell"
"1075","C_1075","Neutrophil"
"1076","C_1076","Neutrophil"
"1077","C_1077","Sinusoidal endothelial cell"
"1078","C_1078","Neutrophil"
"1079","C_1079","Sinusoidal endothelial cell"
"1080","C_1080","Sinusoidal endothelial cell"
"1081","C_1081","Sinusoidal endothelial cell"
"1082","C_1082","Sinusoidal endothelial cell"
"1083","C_1083","Sinusoidal endothelial cell"
"1084","C_1084","Sinusoidal endothelial cell"
"1085","C_1085","Sinusoidal endothelial cell"
"1086","C_1086","Neutrophil"
"1087","C_1087","Sinusoidal endothelial cell"
"1088","C_1088","Sinusoidal endothelial cell"
"1089","C_1089","Sinusoidal endothelial cell"
"1090","C_1090","Neutrophil"
"1091","C_1091","Neutrophil"
"1092","C_1092","Neutrophil"
"1093","C_1093","Sinusoidal endothelial cell"
"1094","C_1094","Neutrophil"
"1095","C_1095","Sinusoidal endothelial cell"
"1096","C_1096","Sinusoidal endothelial cell"
"1097","C_1097","Monocyte"
"1098","C_1098","Neutrophil"
"1099","C_1099","T cell"
"1100","C_1100","Neutrophil"
"1101","C_1101","T cell"
"1102","C_1102","Neutrophil"
"1103","C_1103","Sinusoidal endothelial cell"
"1104","C_1104","Neutrophil"
"1105","C_1105","Monocyte"
"1106","C_1106","Monocyte"
"1107","C_1107","Neutrophil"
"1108","C_1108","Sinusoidal endothelial cell"
"1109","C_1109","Sinusoidal endothelial cell"
"1110","C_1110","Neutrophil"
"1111","C_1111","Neutrophil"
"1112","C_1112","Monocyte"
"1113","C_1113","Neutrophil"
"1114","C_1114","Sinusoidal endothelial cell"
"1115","C_1115","Neutrophil"
"1116","C_1116","Sinusoidal endothelial cell"
"1117","C_1117","Neutrophil"
"1118","C_1118","Sinusoidal endothelial cell"
"1119","C_1119","Sinusoidal endothelial cell"
"1120","C_1120","Sinusoidal endothelial cell"
"1121","C_1121","Monocyte"
"1122","C_1122","Monocyte"
"1123","C_1123","Sinusoidal endothelial cell"
"1124","C_1124","Neutrophil"
"1125","C_1125","Sinusoidal endothelial cell"
"1126","C_1126","Sinusoidal endothelial cell"
"1127","C_1127","Neutrophil"
"1128","C_1128","Sinusoidal endothelial cell"
"1129","C_1129","Sinusoidal endothelial cell"
"1130","C_1130","Sinusoidal endothelial cell"
"1131","C_1131","Sinusoidal endothelial cell"
"1132","C_1132","Neutrophil"
"1133","C_1133","Sinusoidal endothelial cell"
"1134","C_1134","Neutrophil"
"1135","C_1135","Sinusoidal endothelial cell"
"1136","C_1136","Sinusoidal endothelial cell"
"1137","C_1137","Sinusoidal endothelial cell"
"1138","C_1138","Monocyte"
"1139","C_1139","Monocyte"
"1140","C_1140","Sinusoidal endothelial cell"
"1141","C_1141","Sinusoidal endothelial cell"
"1142","C_1142","Sinusoidal endothelial cell"
"1143","C_1143","Sinusoidal endothelial cell"
"1144","C_1144","Monocyte"
"1145","C_1145","Sinusoidal endothelial cell"
"1146","C_1146","Sinusoidal endothelial cell"
"1147","C_1147","Dendritic cell"
"1148","C_1148","Macrophage"
"1149","C_1149","Macrophage"
"1150","C_1150","Monocyte"
"1151","C_1151","Macrophage"
"1152","C_1152","Dendritic cell"
"1153","C_1153","Dendritic cell"
"1154","C_1154","Macrophage"
"1155","C_1155","Sinusoidal endothelial cell"
"1156","C_1156","Monocyte"
"1157","C_1157","Dendritic cell"
"1158","C_1158","Dendritic cell"
"1159","C_1159","Dendritic cell"
"1160","C_1160","Sinusoidal endothelial cell"
"1161","C_1161","Macrophage"
"1162","C_1162","Macrophage"
"1163","C_1163","Monocyte"
"1164","C_1164","Dendritic cell"
"1165","C_1165","Dendritic cell"
"1166","C_1166","Sinusoidal endothelial cell"
"1167","C_1167","Macrophage"
"1168","C_1168","Sinusoidal endothelial cell"
"1169","C_1169","Sinusoidal endothelial cell"
"1170","C_1170","Dendritic cell"
"1171","C_1171","Dendritic cell"
"1172","C_1172","Dendritic cell"
"1173","C_1173","Dendritic cell"
"1174","C_1174","Sinusoidal endothelial cell"
"1175","C_1175","Monocyte"
"1176","C_1176","Antigen presenting cell (RPS high)"
"1177","C_1177","Monocyte"
"1178","C_1178","Dendritic cell"
"1179","C_1179","Dendritic cell"
"1180","C_1180","Dendritic cell"
"1181","C_1181","Monocyte"
"1182","C_1182","Sinusoidal endothelial cell"
"1183","C_1183","Dendritic cell"
"1184","C_1184","B cell"
"1185","C_1185","B cell"
"1186","C_1186","Sinusoidal endothelial cell"
"1187","C_1187","Dendritic cell"
"1188","C_1188","Dendritic cell"
"1189","C_1189","Dendritic cell"
"1190","C_1190","Dendritic cell"
"1191","C_1191","Dendritic cell"
"1192","C_1192","Dendritic cell"
"1193","C_1193","Monocyte"
"1194","C_1194","Dendritic cell"
"1195","C_1195","Dendritic cell"
"1196","C_1196","Monocyte"
"1197","C_1197","Dendritic cell"
"1198","C_1198","Dendritic cell"
"1199","C_1199","Sinusoidal endothelial cell"
"1200","C_1200","Dendritic cell"
"1201","C_1201","Monocyte"
"1202","C_1202","Monocyte"
"1203","C_1203","Monocyte"
"1204","C_1204","Monocyte"
"1205","C_1205","Dendritic cell"
"1206","C_1206","Dendritic cell"
"1207","C_1207","Monocyte"
"1208","C_1208","Monocyte"
"1209","C_1209","Sinusoidal endothelial cell"
"1210","C_1210","Sinusoidal endothelial cell"
"1211","C_1211","Dendritic cell"
"1212","C_1212","Macrophage"
"1213","C_1213","Dendritic cell"
"1214","C_1214","Monocyte"
"1215","C_1215","Monocyte"
"1216","C_1216","Dendritic cell"
"1217","C_1217","Monocyte"
"1218","C_1218","B cell"
"1219","C_1219","Dendritic cell"
"1220","C_1220","B cell"
"1221","C_1221","Dendritic cell"
"1222","C_1222","Dendritic cell"
"1223","C_1223","Dendritic cell"
"1224","C_1224","Dendritic cell"
"1225","C_1225","Macrophage"
"1226","C_1226","Monocyte"
"1227","C_1227","Dendritic cell"
"1228","C_1228","Dendritic cell"
"1229","C_1229","Dendritic cell"
"1230","C_1230","Macrophage"
"1231","C_1231","Dendritic cell"
"1232","C_1232","Dendritic cell"
"1233","C_1233","Dendritic cell"
"1234","C_1234","Macrophage"
"1235","C_1235","Sinusoidal endothelial cell"
"1236","C_1236","Macrophage"
"1237","C_1237","Dendritic cell"
"1238","C_1238","Dendritic cell"
"1239","C_1239","Monocyte"
"1240","C_1240","Dendritic cell"
"1241","C_1241","Dendritic cell"
"1242","C_1242","Dendritic cell"
"1243","C_1243","Macrophage"
"1244","C_1244","Dendritic cell"
"1245","C_1245","Dendritic cell"
"1246","C_1246","Dendritic cell"
"1247","C_1247","Sinusoidal endothelial cell"
"1248","C_1248","Sinusoidal endothelial cell"
"1249","C_1249","Sinusoidal endothelial cell"
"1250","C_1250","Sinusoidal endothelial cell"
"1251","C_1251","Sinusoidal endothelial cell"
"1252","C_1252","Sinusoidal endothelial cell"
"1253","C_1253","Sinusoidal endothelial cell"
"1254","C_1254","Sinusoidal endothelial cell"
"1255","C_1255","Sinusoidal endothelial cell"
"1256","C_1256","Sinusoidal endothelial cell"
"1257","C_1257","Sinusoidal endothelial cell"
"1258","C_1258","Sinusoidal endothelial cell"
"1259","C_1259","Sinusoidal endothelial cell"
"1260","C_1260","Sinusoidal endothelial cell"
"1261","C_1261","Sinusoidal endothelial cell"
"1262","C_1262","Sinusoidal endothelial cell"
"1263","C_1263","Sinusoidal endothelial cell"
"1264","C_1264","Sinusoidal endothelial cell"
"1265","C_1265","Sinusoidal endothelial cell"
"1266","C_1266","Sinusoidal endothelial cell"
"1267","C_1267","Sinusoidal endothelial cell"
"1268","C_1268","Sinusoidal endothelial cell"
"1269","C_1269","Sinusoidal endothelial cell"
"1270","C_1270","Sinusoidal endothelial cell"
"1271","C_1271","Sinusoidal endothelial cell"
"1272","C_1272","Sinusoidal endothelial cell"
"1273","C_1273","Sinusoidal endothelial cell"
"1274","C_1274","Sinusoidal endothelial cell"
"1275","C_1275","Sinusoidal endothelial cell"
"1276","C_1276","Sinusoidal endothelial cell"
"1277","C_1277","Sinusoidal endothelial cell"
"1278","C_1278","Sinusoidal endothelial cell"
"1279","C_1279","Sinusoidal endothelial cell"
"1280","C_1280","Sinusoidal endothelial cell"
"1281","C_1281","Sinusoidal endothelial cell"
"1282","C_1282","Sinusoidal endothelial cell"
"1283","C_1283","Sinusoidal endothelial cell"
"1284","C_1284","Sinusoidal endothelial cell"
"1285","C_1285","Sinusoidal endothelial cell"
"1286","C_1286","Sinusoidal endothelial cell"
"1287","C_1287","Sinusoidal endothelial cell"
"1288","C_1288","Sinusoidal endothelial cell"
"1289","C_1289","Sinusoidal endothelial cell"
"1290","C_1290","Sinusoidal endothelial cell"
"1291","C_1291","Sinusoidal endothelial cell"
"1292","C_1292","Sinusoidal endothelial cell"
"1293","C_1293","Sinusoidal endothelial cell"
"1294","C_1294","Sinusoidal endothelial cell"
"1295","C_1295","Sinusoidal endothelial cell"
"1296","C_1296","Sinusoidal endothelial cell"
"1297","C_1297","Sinusoidal endothelial cell"
"1298","C_1298","Sinusoidal endothelial cell"
"1299","C_1299","Sinusoidal endothelial cell"
"1300","C_1300","Sinusoidal endothelial cell"
"1301","C_1301","Sinusoidal endothelial cell"
"1302","C_1302","Sinusoidal endothelial cell"
"1303","C_1303","Sinusoidal endothelial cell"
"1304","C_1304","Sinusoidal endothelial cell"
"1305","C_1305","Sinusoidal endothelial cell"
"1306","C_1306","Sinusoidal endothelial cell"
"1307","C_1307","Sinusoidal endothelial cell"
"1308","C_1308","Sinusoidal endothelial cell"
"1309","C_1309","Sinusoidal endothelial cell"
"1310","C_1310","Sinusoidal endothelial cell"
"1311","C_1311","Sinusoidal endothelial cell"
"1312","C_1312","Sinusoidal endothelial cell"
"1313","C_1313","Sinusoidal endothelial cell"
"1314","C_1314","Sinusoidal endothelial cell"
"1315","C_1315","Sinusoidal endothelial cell"
"1316","C_1316","Sinusoidal endothelial cell"
"1317","C_1317","Sinusoidal endothelial cell"
"1318","C_1318","Sinusoidal endothelial cell"
"1319","C_1319","Sinusoidal endothelial cell"
"1320","C_1320","Sinusoidal endothelial cell"
"1321","C_1321","Sinusoidal endothelial cell"
"1322","C_1322","Sinusoidal endothelial cell"
"1323","C_1323","Sinusoidal endothelial cell"
"1324","C_1324","Sinusoidal endothelial cell"
"1325","C_1325","Sinusoidal endothelial cell"
"1326","C_1326","Sinusoidal endothelial cell"
"1327","C_1327","Sinusoidal endothelial cell"
"1328","C_1328","Sinusoidal endothelial cell"
"1329","C_1329","Sinusoidal endothelial cell"
"1330","C_1330","Sinusoidal endothelial cell"
"1331","C_1331","Sinusoidal endothelial cell"
"1332","C_1332","Sinusoidal endothelial cell"
"1333","C_1333","Sinusoidal endothelial cell"
"1334","C_1334","Sinusoidal endothelial cell"
"1335","C_1335","Sinusoidal endothelial cell"
"1336","C_1336","Sinusoidal endothelial cell"
"1337","C_1337","Sinusoidal endothelial cell"
"1338","C_1338","Sinusoidal endothelial cell"
"1339","C_1339","Sinusoidal endothelial cell"
"1340","C_1340","Sinusoidal endothelial cell"
"1341","C_1341","Sinusoidal endothelial cell"
"1342","C_1342","Sinusoidal endothelial cell"
"1343","C_1343","Sinusoidal endothelial cell"
"1344","C_1344","Sinusoidal endothelial cell"
"1345","C_1345","Sinusoidal endothelial cell"
"1346","C_1346","B cell (Plasmocyte)"
"1347","C_1347","B cell (Plasmocyte)"
"1348","C_1348","Sinusoidal endothelial cell"
"1349","C_1349","Endothelial cell (APC)"
"1350","C_1350","Neutrophil"
"1351","C_1351","Sinusoidal endothelial cell"
"1352","C_1352","Sinusoidal endothelial cell"
"1353","C_1353","Endothelial cell (APC)"
"1354","C_1354","Sinusoidal endothelial cell"
"1355","C_1355","Sinusoidal endothelial cell"
"1356","C_1356","Macrophage"
"1357","C_1357","Sinusoidal endothelial cell"
"1358","C_1358","Sinusoidal endothelial cell"
"1359","C_1359","Sinusoidal endothelial cell"
"1360","C_1360","Sinusoidal endothelial cell"
"1361","C_1361","Endothelial cell (APC)"
"1362","C_1362","Sinusoidal endothelial cell"
"1363","C_1363","Smooth muscle cell"
"1364","C_1364","Sinusoidal endothelial cell"
"1365","C_1365","Sinusoidal endothelial cell"
"1366","C_1366","Endothelial cell"
"1367","C_1367","Sinusoidal endothelial cell"
"1368","C_1368","Endothelial cell (APC)"
"1369","C_1369","Sinusoidal endothelial cell"
"1370","C_1370","Sinusoidal endothelial cell"
"1371","C_1371","Fetal epithelial progenitor"
"1372","C_1372","Sinusoidal endothelial cell"
"1373","C_1373","Sinusoidal endothelial cell"
"1374","C_1374","Sinusoidal endothelial cell"
"1375","C_1375","Sinusoidal endothelial cell"
"1376","C_1376","Sinusoidal endothelial cell"
"1377","C_1377","Sinusoidal endothelial cell"
"1378","C_1378","Sinusoidal endothelial cell"
"1379","C_1379","Sinusoidal endothelial cell"
"1380","C_1380","Macrophage"
"1381","C_1381","Sinusoidal endothelial cell"
"1382","C_1382","Sinusoidal endothelial cell"
"1383","C_1383","Endothelial cell"
"1384","C_1384","Sinusoidal endothelial cell"
"1385","C_1385","Sinusoidal endothelial cell"
"1386","C_1386","Sinusoidal endothelial cell"
"1387","C_1387","Endothelial cell (APC)"
"1388","C_1388","Sinusoidal endothelial cell"
"1389","C_1389","Endothelial cell"
"1390","C_1390","Endothelial cell (APC)"
"1391","C_1391","Endothelial cell"
"1392","C_1392","Sinusoidal endothelial cell"
"1393","C_1393","Sinusoidal endothelial cell"
"1394","C_1394","Endothelial cell (APC)"
"1395","C_1395","Endothelial cell (APC)"
"1396","C_1396","Endothelial cell (APC)"
"1397","C_1397","T cell"
"1398","C_1398","Sinusoidal endothelial cell"
"1399","C_1399","Sinusoidal endothelial cell"
"1400","C_1400","Sinusoidal endothelial cell"
"1401","C_1401","Sinusoidal endothelial cell"
"1402","C_1402","Sinusoidal endothelial cell"
"1403","C_1403","Sinusoidal endothelial cell"
"1404","C_1404","Sinusoidal endothelial cell"
"1405","C_1405","Sinusoidal endothelial cell"
"1406","C_1406","Sinusoidal endothelial cell"
"1407","C_1407","Monocyte"
"1408","C_1408","Sinusoidal endothelial cell"
"1409","C_1409","Sinusoidal endothelial cell"
"1410","C_1410","Sinusoidal endothelial cell"
"1411","C_1411","Sinusoidal endothelial cell"
"1412","C_1412","Sinusoidal endothelial cell"
"1413","C_1413","Sinusoidal endothelial cell"
"1414","C_1414","Endothelial cell (APC)"
"1415","C_1415","Sinusoidal endothelial cell"
"1416","C_1416","Sinusoidal endothelial cell"
"1417","C_1417","Endothelial cell"
"1418","C_1418","Sinusoidal endothelial cell"
"1419","C_1419","Sinusoidal endothelial cell"
"1420","C_1420","Endothelial cell (APC)"
"1421","C_1421","Endothelial cell"
"1422","C_1422","Sinusoidal endothelial cell"
"1423","C_1423","B cell"
"1424","C_1424","Sinusoidal endothelial cell"
"1425","C_1425","Sinusoidal endothelial cell"
"1426","C_1426","Sinusoidal endothelial cell"
"1427","C_1427","Endothelial cell (APC)"
"1428","C_1428","Sinusoidal endothelial cell"
"1429","C_1429","Sinusoidal endothelial cell"
"1430","C_1430","Erythroid progenitor cell (RP high)"
"1431","C_1431","Endothelial cell"
"1432","C_1432","Sinusoidal endothelial cell"
"1433","C_1433","Endothelial cell"
"1434","C_1434","Sinusoidal endothelial cell"
"1435","C_1435","Sinusoidal endothelial cell"
"1436","C_1436","Endothelial cell (APC)"
"1437","C_1437","T cell"
"1438","C_1438","Endothelial cell"
"1439","C_1439","Sinusoidal endothelial cell"
"1440","C_1440","Sinusoidal endothelial cell"
"1441","C_1441","Neutrophil"
"1442","C_1442","Neutrophil"
"1443","C_1443","Neutrophil"
"1444","C_1444","Neutrophil"
"1445","C_1445","Neutrophil"
"1446","C_1446","Neutrophil"
"1447","C_1447","Neutrophil"
"1448","C_1448","Neutrophil"
"1449","C_1449","Neutrophil"
"1450","C_1450","Neutrophil"
"1451","C_1451","Neutrophil"
"1452","C_1452","Neutrophil"
"1453","C_1453","Neutrophil"
"1454","C_1454","Neutrophil"
"1455","C_1455","Neutrophil"
"1456","C_1456","Neutrophil"
"1457","C_1457","Neutrophil"
"1458","C_1458","Neutrophil"
"1459","C_1459","Neutrophil"
"1460","C_1460","Neutrophil"
"1461","C_1461","Neutrophil"
"1462","C_1462","Neutrophil"
"1463","C_1463","Neutrophil"
"1464","C_1464","Neutrophil"
"1465","C_1465","Neutrophil"
"1466","C_1466","Neutrophil"
"1467","C_1467","Neutrophil"
"1468","C_1468","Neutrophil"
"1469","C_1469","Neutrophil"
"1470","C_1470","Neutrophil"
"1471","C_1471","Neutrophil"
"1472","C_1472","Neutrophil"
"1473","C_1473","Neutrophil"
"1474","C_1474","Neutrophil"
"1475","C_1475","Neutrophil"
"1476","C_1476","Neutrophil"
"1477","C_1477","Neutrophil"
"1478","C_1478","Neutrophil"
"1479","C_1479","Neutrophil"
"1480","C_1480","Neutrophil"
"1481","C_1481","Neutrophil"
"1482","C_1482","Neutrophil"
"1483","C_1483","Neutrophil"
"1484","C_1484","Neutrophil"
"1485","C_1485","Neutrophil"
"1486","C_1486","Neutrophil"
"1487","C_1487","Neutrophil"
"1488","C_1488","Neutrophil"
"1489","C_1489","Neutrophil"
"1490","C_1490","Neutrophil"
"1491","C_1491","Neutrophil"
"1492","C_1492","Neutrophil"
"1493","C_1493","Neutrophil"
"1494","C_1494","Neutrophil"
"1495","C_1495","Neutrophil"
"1496","C_1496","Neutrophil"
"1497","C_1497","Neutrophil"
"1498","C_1498","Sinusoidal endothelial cell"
"1499","C_1499","Neutrophil"
"1500","C_1500","Neutrophil"
"1501","C_1501","Neutrophil"
"1502","C_1502","Neutrophil"
"1503","C_1503","Neutrophil"
"1504","C_1504","Neutrophil"
"1505","C_1505","Neutrophil"
"1506","C_1506","Neutrophil"
"1507","C_1507","Neutrophil"
"1508","C_1508","Neutrophil"
"1509","C_1509","Neutrophil"
"1510","C_1510","Neutrophil"
"1511","C_1511","Neutrophil"
"1512","C_1512","Neutrophil"
"1513","C_1513","Neutrophil"
"1514","C_1514","Neutrophil"
"1515","C_1515","Neutrophil"
"1516","C_1516","Neutrophil"
"1517","C_1517","Neutrophil"
"1518","C_1518","Neutrophil"
"1519","C_1519","Neutrophil"
"1520","C_1520","Neutrophil"
"1521","C_1521","Macrophage"
"1522","C_1522","Macrophage"
"1523","C_1523","Dendritic cell"
"1524","C_1524","Macrophage"
"1525","C_1525","Macrophage"
"1526","C_1526","Dendritic cell"
"1527","C_1527","Macrophage"
"1528","C_1528","Macrophage"
"1529","C_1529","Dendritic cell"
"1530","C_1530","Dendritic cell"
"1531","C_1531","Macrophage"
"1532","C_1532","Macrophage"
"1533","C_1533","Dendritic cell"
"1534","C_1534","Macrophage"
"1535","C_1535","Macrophage"
"1536","C_1536","Dendritic cell"
"1537","C_1537","Dendritic cell"
"1538","C_1538","Macrophage"
"1539","C_1539","Macrophage"
"1540","C_1540","Dendritic cell"
"1541","C_1541","Dendritic cell"
"1542","C_1542","Dendritic cell"
"1543","C_1543","Macrophage"
"1544","C_1544","Dendritic cell"
"1545","C_1545","Macrophage"
"1546","C_1546","Macrophage"
"1547","C_1547","Macrophage"
"1548","C_1548","Dendritic cell"
"1549","C_1549","Dendritic cell"
"1550","C_1550","Dendritic cell"
"1551","C_1551","Macrophage"
"1552","C_1552","Macrophage"
"1553","C_1553","Dendritic cell"
"1554","C_1554","Macrophage"
"1555","C_1555","Dendritic cell"
"1556","C_1556","Dendritic cell"
"1557","C_1557","Macrophage"
"1558","C_1558","Sinusoidal endothelial cell"
"1559","C_1559","Dendritic cell"
"1560","C_1560","Sinusoidal endothelial cell"
"1561","C_1561","Dendritic cell"
"1562","C_1562","Macrophage"
"1563","C_1563","Dendritic cell"
"1564","C_1564","Macrophage"
"1565","C_1565","Dendritic cell"
"1566","C_1566","Dendritic cell"
"1567","C_1567","Sinusoidal endothelial cell"
"1568","C_1568","Dendritic cell"
"1569","C_1569","Macrophage"
"1570","C_1570","Macrophage"
"1571","C_1571","Dendritic cell"
"1572","C_1572","Dendritic cell"
"1573","C_1573","Dendritic cell"
"1574","C_1574","Sinusoidal endothelial cell"
"1575","C_1575","Macrophage"
"1576","C_1576","Sinusoidal endothelial cell"
"1577","C_1577","Macrophage"
"1578","C_1578","Macrophage"
"1579","C_1579","Sinusoidal endothelial cell"
"1580","C_1580","Monocyte"
"1581","C_1581","Dendritic cell"
"1582","C_1582","Macrophage"
"1583","C_1583","Macrophage"
"1584","C_1584","Dendritic cell"
"1585","C_1585","Sinusoidal endothelial cell"
"1586","C_1586","Macrophage"
"1587","C_1587","Macrophage"
"1588","C_1588","Dendritic cell"
"1589","C_1589","Dendritic cell"
"1590","C_1590","Macrophage"
"1591","C_1591","Neutrophil"
"1592","C_1592","Macrophage"
"1593","C_1593","Macrophage"
"1594","C_1594","Neutrophil"
"1595","C_1595","Neutrophil"
"1596","C_1596","Neutrophil"
"1597","C_1597","Neutrophil"
"1598","C_1598","Neutrophil"
"1599","C_1599","Neutrophil"
"1600","C_1600","Neutrophil"
"1601","C_1601","Neutrophil"
"1602","C_1602","Neutrophil"
"1603","C_1603","Neutrophil"
"1604","C_1604","Neutrophil"
"1605","C_1605","Neutrophil"
"1606","C_1606","Neutrophil"
"1607","C_1607","Neutrophil"
"1608","C_1608","Neutrophil"
"1609","C_1609","Neutrophil"
"1610","C_1610","Neutrophil"
"1611","C_1611","Neutrophil"
"1612","C_1612","Neutrophil"
"1613","C_1613","Neutrophil"
"1614","C_1614","Neutrophil"
"1615","C_1615","Neutrophil"
"1616","C_1616","Neutrophil"
"1617","C_1617","Neutrophil"
"1618","C_1618","Neutrophil"
"1619","C_1619","Neutrophil"
"1620","C_1620","Neutrophil"
"1621","C_1621","Neutrophil"
"1622","C_1622","Neutrophil"
"1623","C_1623","Neutrophil"
"1624","C_1624","Neutrophil"
"1625","C_1625","Neutrophil"
"1626","C_1626","Neutrophil"
"1627","C_1627","Neutrophil"
"1628","C_1628","Neutrophil"
"1629","C_1629","Neutrophil"
"1630","C_1630","Neutrophil"
"1631","C_1631","Neutrophil"
"1632","C_1632","Neutrophil"
"1633","C_1633","Neutrophil"
"1634","C_1634","Neutrophil"
"1635","C_1635","Neutrophil"
"1636","C_1636","Neutrophil"
"1637","C_1637","Neutrophil"
"1638","C_1638","Neutrophil"
"1639","C_1639","Neutrophil"
"1640","C_1640","Neutrophil"
"1641","C_1641","Neutrophil"
"1642","C_1642","Neutrophil"
"1643","C_1643","Neutrophil"
"1644","C_1644","Neutrophil"
"1645","C_1645","Neutrophil"
"1646","C_1646","Neutrophil"
"1647","C_1647","Neutrophil"
"1648","C_1648","Neutrophil"
"1649","C_1649","Neutrophil"
"1650","C_1650","Neutrophil"
"1651","C_1651","Macrophage"
"1652","C_1652","Macrophage"
"1653","C_1653","Macrophage"
"1654","C_1654","Macrophage"
"1655","C_1655","Macrophage"
"1656","C_1656","Macrophage"
"1657","C_1657","Macrophage"
"1658","C_1658","Macrophage"
"1659","C_1659","Macrophage"
"1660","C_1660","Macrophage"
"1661","C_1661","Macrophage"
"1662","C_1662","Macrophage"
"1663","C_1663","Macrophage"
"1664","C_1664","Macrophage"
"1665","C_1665","Macrophage"
"1666","C_1666","Macrophage"
"1667","C_1667","Macrophage"
"1668","C_1668","Macrophage"
"1669","C_1669","Dendritic cell"
"1670","C_1670","Macrophage"
"1671","C_1671","Macrophage"
"1672","C_1672","Macrophage"
"1673","C_1673","Macrophage"
"1674","C_1674","Macrophage"
"1675","C_1675","Macrophage"
"1676","C_1676","Macrophage"
"1677","C_1677","Macrophage"
"1678","C_1678","Macrophage"
"1679","C_1679","Macrophage"
"1680","C_1680","Macrophage"
"1681","C_1681","Macrophage"
"1682","C_1682","Macrophage"
"1683","C_1683","Macrophage"
"1684","C_1684","Macrophage"
"1685","C_1685","Macrophage"
"1686","C_1686","Macrophage"
"1687","C_1687","Macrophage"
"1688","C_1688","Macrophage"
"1689","C_1689","Macrophage"
"1690","C_1690","Macrophage"
"1691","C_1691","Macrophage"
"1692","C_1692","Macrophage"
"1693","C_1693","Macrophage"
"1694","C_1694","Macrophage"
"1695","C_1695","Macrophage"
"1696","C_1696","Macrophage"
"1697","C_1697","Macrophage"
"1698","C_1698","Sinusoidal endothelial cell"
"1699","C_1699","Sinusoidal endothelial cell"
"1700","C_1700","Sinusoidal endothelial cell"
"1701","C_1701","Sinusoidal endothelial cell"
"1702","C_1702","Sinusoidal endothelial cell"
"1703","C_1703","Sinusoidal endothelial cell"
"1704","C_1704","Sinusoidal endothelial cell"
"1705","C_1705","Sinusoidal endothelial cell"
"1706","C_1706","Sinusoidal endothelial cell"
"1707","C_1707","Sinusoidal endothelial cell"
"1708","C_1708","Sinusoidal endothelial cell"
"1709","C_1709","Sinusoidal endothelial cell"
"1710","C_1710","Sinusoidal endothelial cell"
"1711","C_1711","Sinusoidal endothelial cell"
"1712","C_1712","Sinusoidal endothelial cell"
"1713","C_1713","Sinusoidal endothelial cell"
"1714","C_1714","Sinusoidal endothelial cell"
"1715","C_1715","Sinusoidal endothelial cell"
"1716","C_1716","Sinusoidal endothelial cell"
"1717","C_1717","Neutrophil"
"1718","C_1718","Sinusoidal endothelial cell"
"1719","C_1719","Sinusoidal endothelial cell"
"1720","C_1720","Macrophage"
"1721","C_1721","Sinusoidal endothelial cell"
"1722","C_1722","Sinusoidal endothelial cell"
"1723","C_1723","Monocyte"
"1724","C_1724","Sinusoidal endothelial cell"
"1725","C_1725","Sinusoidal endothelial cell"
"1726","C_1726","Sinusoidal endothelial cell"
"1727","C_1727","Sinusoidal endothelial cell"
"1728","C_1728","Sinusoidal endothelial cell"
"1729","C_1729","Sinusoidal endothelial cell"
"1730","C_1730","Sinusoidal endothelial cell"
"1731","C_1731","Sinusoidal endothelial cell"
"1732","C_1732","Sinusoidal endothelial cell"
"1733","C_1733","Sinusoidal endothelial cell"
"1734","C_1734","Sinusoidal endothelial cell"
"1735","C_1735","Sinusoidal endothelial cell"
"1736","C_1736","Sinusoidal endothelial cell"
"1737","C_1737","Sinusoidal endothelial cell"
"1738","C_1738","Sinusoidal endothelial cell"
"1739","C_1739","Sinusoidal endothelial cell"
"1740","C_1740","Neutrophil"
"1741","C_1741","Neutrophil"
"1742","C_1742","Neutrophil"
"1743","C_1743","Neutrophil"
"1744","C_1744","Neutrophil"
"1745","C_1745","Neutrophil"
"1746","C_1746","Neutrophil"
"1747","C_1747","Neutrophil"
"1748","C_1748","Neutrophil"
"1749","C_1749","Neutrophil"
"1750","C_1750","Neutrophil"
"1751","C_1751","Neutrophil"
"1752","C_1752","Neutrophil"
"1753","C_1753","Neutrophil"
"1754","C_1754","Neutrophil"
"1755","C_1755","Neutrophil"
"1756","C_1756","Neutrophil"
"1757","C_1757","Neutrophil"
"1758","C_1758","Neutrophil"
"1759","C_1759","Neutrophil"
"1760","C_1760","Neutrophil"
"1761","C_1761","Neutrophil"
"1762","C_1762","Neutrophil"
"1763","C_1763","Neutrophil"
"1764","C_1764","Neutrophil"
"1765","C_1765","Neutrophil"
"1766","C_1766","Neutrophil"
"1767","C_1767","Neutrophil"
"1768","C_1768","Neutrophil"
"1769","C_1769","Neutrophil"
"1770","C_1770","Neutrophil"
"1771","C_1771","Neutrophil"
"1772","C_1772","Neutrophil"
"1773","C_1773","Neutrophil"
"1774","C_1774","Neutrophil"
"1775","C_1775","Neutrophil"
"1776","C_1776","Neutrophil"
"1777","C_1777","Neutrophil"
"1778","C_1778","Sinusoidal endothelial cell"
"1779","C_1779","Sinusoidal endothelial cell"
"1780","C_1780","Sinusoidal endothelial cell"
"1781","C_1781","Sinusoidal endothelial cell"
"1782","C_1782","Sinusoidal endothelial cell"
"1783","C_1783","Sinusoidal endothelial cell"
"1784","C_1784","Sinusoidal endothelial cell"
"1785","C_1785","Sinusoidal endothelial cell"
"1786","C_1786","Enterocyte progenitor"
"1787","C_1787","Sinusoidal endothelial cell"
"1788","C_1788","Sinusoidal endothelial cell"
"1789","C_1789","Enterocyte progenitor"
"1790","C_1790","Sinusoidal endothelial cell"
"1791","C_1791","Sinusoidal endothelial cell"
"1792","C_1792","Sinusoidal endothelial cell"
"1793","C_1793","Sinusoidal endothelial cell"
"1794","C_1794","Sinusoidal endothelial cell"
"1795","C_1795","Sinusoidal endothelial cell"
"1796","C_1796","Sinusoidal endothelial cell"
"1797","C_1797","Sinusoidal endothelial cell"
"1798","C_1798","Sinusoidal endothelial cell"
"1799","C_1799","Enterocyte progenitor"
"1800","C_1800","Sinusoidal endothelial cell"
"1801","C_1801","Mast cell"
"1802","C_1802","Mast cell"
"1803","C_1803","Mast cell"
"1804","C_1804","Mast cell"
"1805","C_1805","T cell"
"1806","C_1806","Mast cell"
"1807","C_1807","Mast cell"
"1808","C_1808","Mast cell"
"1809","C_1809","Mast cell"
"1810","C_1810","Dendritic cell"
"1811","C_1811","Mast cell"
